{"BoneIndex":40,"Component":{"Transform":[[2.8645482063293457,-9.989717483520508,5.999990940093994,0.0],[13.559432029724121,3.380192995071411,-0.845747172832489,0.0],[-0.8451700806617737,5.984239101409912,10.366996765136719,0.0],[-400.0,50.0,-100.0,1.0]]},"ModelTag":"Prototype_Component_Sub_Shovel"}
