{"BoneIndex":40,"Component":{"Transform":[[-3.909555196762085,0.06822776049375534,-24.68729591369629,0.0],[22.13423728942871,5.178239345550537,-3.490933895111084,0.0],[3.329402446746826,-14.614114761352539,-0.5676429271697998,0.0],[100.0,200.0,-100.0,1.0]]},"ModelTag":"Prototype_Component_Sub_Spear"}
