{"BoneIndex":52,"Component":{"Transform":[[-3.0597971090173814e-07,7.0,0.0,0.0],[-7.0,-3.0597971090173814e-07,0.0,0.0],[0.0,0.0,6.999565601348877,0.0],[0.0,0.0,0.0,1.0]]},"ModelTag":"Prototype_Component_Particle_Boss2Wave"}
