{"BoneIndex":6,"Component":{"Transform":[[6.535444259643555,0.0,2.5075771808624268,0.0],[2.0601093769073486,-3.990919589996338,-5.369218826293945,0.0],[1.4296486377716064,5.7508745193481445,-3.726062059402466,0.0],[0.0,0.0,0.0,1.0]]},"ModelTag":"Prototype_Component_Particle_Boss2Dash"}
