{"BoneIndex":0,"Component":{"Transform":[[9999.3427734375,0.01819787546992302,0.0,0.0],[-0.01169815193861723,6427.88427734375,7660.43798828125,0.0],[0.013941282406449318,-7660.4365234375,6427.8828125,0.0],[-900.0,1200.0,-4100.0,1.0]]},"ModelTag":"Prototype_Component_Particle_JackElec1"}
