{"BoneIndex":0,"Component":{"Transform":[[1.0,0.0,0.0,0.0],[0.0,1.0,0.0,0.0],[0.0,0.0,1.0,0.0],[0.008734650909900665,0.0,-0.037281401455402374,1.0]]},"ModelTag":"Prototype_Component_Particle_JackRun"}
