{"BoneIndex":0,"Component":{"Transform":[[-9739.1513671875,-0.017724534496665,-2269.124267578125,0.0],[-0.013528618961572647,10000.0,-0.020046530291438103,0.0],[2269.124267578125,-0.016453808173537254,-9739.1513671875,0.0],[0.0,0.0,0.0,1.0]]},"ModelTag":"Prototype_Component_Particle_JackRun"}
